{"cameraMode":{"drawMode":0,"name":"Shaded","section":"Shading Mode"},"sceneLighting":false,"audioPlay":false,"sceneViewState":{"showFog":true,"showMaterialUpdate":true,"showSkybox":true,"showFlares":true,"showImageEffects":true,"showParticleSystems":true},"in2DMode":false,"pivot":{"x":0.0,"y":-3.9449996948242189,"z":-60.75199890136719},"rotation":{"x":-0.27367037534713747,"y":-0.36264535784721377,"z":0.11230245232582092,"w":-0.8837313055992127},"size":4.108870029449463,"orthographic":false}