{"cameraMode":{"drawMode":0,"name":"Shaded","section":"Shading Mode"},"sceneLighting":false,"audioPlay":false,"sceneViewState":{"showFog":true,"showMaterialUpdate":true,"showSkybox":true,"showFlares":true,"showImageEffects":true,"showParticleSystems":true},"in2DMode":false,"pivot":{"x":0.88028883934021,"y":0.7876560688018799,"z":-65.69999694824219},"rotation":{"x":-0.05919790640473366,"y":-0.9400187134742737,"z":0.2169383019208908,"w":-0.2565116882324219},"size":3.4254674911499025,"orthographic":false}