{"cameraMode":{"drawMode":0,"name":"Shaded","section":"Shading Mode"},"sceneLighting":false,"audioPlay":false,"sceneViewState":{"showFog":true,"showMaterialUpdate":true,"showSkybox":true,"showFlares":true,"showImageEffects":true,"showParticleSystems":true},"in2DMode":false,"pivot":{"x":-6.931460380554199,"y":-2.6454384326934816,"z":0.0},"rotation":{"x":0.20186996459960938,"y":-0.31756317615509035,"z":0.22304458916187287,"w":0.8992515206336975},"size":1.2712736129760743,"orthographic":true}