{"cameraMode":{"drawMode":0,"name":"Shaded","section":"Shading Mode"},"sceneLighting":true,"audioPlay":false,"sceneViewState":{"showFog":true,"showMaterialUpdate":true,"showSkybox":true,"showFlares":true,"showImageEffects":true,"showParticleSystems":true},"in2DMode":false,"pivot":{"x":2.8464999198913576,"y":-2.981029987335205,"z":-87.08618927001953},"rotation":{"x":-0.3897198736667633,"y":0.49678388237953188,"z":-0.30087798833847048,"w":-0.7147005796432495},"size":31.805105209350587,"orthographic":false}